asset_id,site_code,asset_type,asset_condition,condition_score,current_age_years,expected_life_years,replacement_cost_usd,criticality_level
ASSET-CRIT-0001,FLEET,Cooling,Critical,25.0,9.5,10,350000,Critical
ASSET-CRIT-0002,FLEET,Cooling,Critical,25.0,9.5,10,350000,Critical
ASSET-CRIT-0003,FLEET,Cooling,Critical,25.0,9.5,10,350000,Critical
ASSET-CRIT-0004,FLEET,Cooling,Critical,25.0,9.5,10,350000,Critical
ASSET-CRIT-0005,FLEET,Cooling,Critical,25.0,9.5,10,350000,Critical
ASSET-CRIT-0006,FLEET,Cooling,Critical,25.0,9.5,10,350000,Critical
ASSET-CRIT-0007,FLEET,Cooling,Critical,25.0,9.5,10,350000,Critical
ASSET-CRIT-0008,FLEET,Cooling,Critical,25.0,9.5,10,350000,Critical
ASSET-CRIT-0009,FLEET,Cooling,Critical,25.0,9.5,10,350000,Critical
ASSET-CRIT-0010,FLEET,Cooling,Critical,25.0,9.5,10,350000,Critical
ASSET-CRIT-0011,FLEET,Cooling,Critical,25.0,9.5,10,350000,Critical
ASSET-CRIT-0012,FLEET,Cooling,Critical,25.0,9.5,10,350000,Critical
ASSET-CRIT-0013,FLEET,Cooling,Critical,25.0,9.5,10,350000,Critical
ASSET-CRIT-0014,FLEET,Cooling,Critical,25.0,9.5,10,350000,Critical
ASSET-CRIT-0015,FLEET,Cooling,Critical,25.0,9.5,10,350000,Critical
ASSET-CRIT-0016,FLEET,Cooling,Critical,25.0,9.5,10,350000,Critical
ASSET-CRIT-0017,FLEET,Cooling,Critical,25.0,9.5,10,350000,Critical
ASSET-CRIT-0018,FLEET,Cooling,Critical,25.0,9.5,10,350000,Critical
ASSET-CRIT-0019,FLEET,Cooling,Critical,25.0,9.5,10,350000,Critical
ASSET-CRIT-0020,FLEET,Cooling,Critical,25.0,9.5,10,350000,Critical
ASSET-CRIT-0021,FLEET,Cooling,Critical,25.0,9.5,10,350000,Critical
ASSET-CRIT-0022,FLEET,Cooling,Critical,25.0,9.5,10,350000,Critical
ASSET-CRIT-0023,FLEET,Cooling,Critical,25.0,9.5,10,350000,Critical
ASSET-CRIT-0024,FLEET,Cooling,Critical,25.0,9.5,10,350000,Critical
ASSET-CRIT-0025,FLEET,Cooling,Critical,25.0,9.5,10,350000,Critical
ASSET-CRIT-0026,FLEET,Cooling,Critical,25.0,9.5,10,350000,Critical
ASSET-CRIT-0027,FLEET,Cooling,Critical,25.0,9.5,10,350000,Critical
ASSET-CRIT-0028,FLEET,Cooling,Critical,25.0,9.5,10,350000,Critical
ASSET-CRIT-0029,FLEET,Cooling,Critical,25.0,9.5,10,350000,Critical
ASSET-CRIT-0030,FLEET,Cooling,Critical,25.0,9.5,10,350000,Critical
ASSET-CRIT-0031,FLEET,Cooling,Critical,25.0,9.5,10,350000,Critical
ASSET-CRIT-0032,FLEET,Cooling,Critical,25.0,9.5,10,350000,Critical
ASSET-CRIT-0033,FLEET,Cooling,Critical,25.0,9.5,10,350000,Critical
ASSET-CRIT-0034,FLEET,Cooling,Critical,25.0,9.5,10,350000,Critical
ASSET-CRIT-0035,FLEET,Cooling,Critical,25.0,9.5,10,350000,Critical
ASSET-CRIT-0036,FLEET,Cooling,Critical,25.0,9.5,10,350000,Critical
ASSET-CRIT-0037,FLEET,Cooling,Critical,25.0,9.5,10,350000,Critical
ASSET-CRIT-0038,FLEET,Cooling,Critical,25.0,9.5,10,350000,Critical
ASSET-CRIT-0039,FLEET,Cooling,Critical,25.0,9.5,10,350000,Critical
ASSET-CRIT-0040,FLEET,Cooling,Critical,25.0,9.5,10,350000,Critical
ASSET-CRIT-0041,FLEET,Cooling,Critical,25.0,9.5,10,350000,Critical
ASSET-CRIT-0042,FLEET,Cooling,Critical,25.0,9.5,10,350000,Critical
ASSET-CRIT-0043,FLEET,Cooling,Critical,25.0,9.5,10,350000,Critical
ASSET-CRIT-0044,FLEET,Cooling,Critical,25.0,9.5,10,350000,Critical
ASSET-CRIT-0045,FLEET,Cooling,Critical,25.0,9.5,10,350000,Critical
ASSET-CRIT-0046,FLEET,Cooling,Critical,25.0,9.5,10,350000,Critical
ASSET-CRIT-0047,FLEET,Cooling,Critical,25.0,9.5,10,350000,Critical
ASSET-CRIT-0048,FLEET,Cooling,Critical,25.0,9.5,10,350000,Critical
ASSET-CRIT-0049,FLEET,Cooling,Critical,25.0,9.5,10,350000,Critical
ASSET-CRIT-0050,FLEET,Cooling,Critical,25.0,9.5,10,350000,Critical
ASSET-CRIT-0051,FLEET,Cooling,Critical,25.0,9.5,10,350000,Critical
ASSET-CRIT-0052,FLEET,Cooling,Critical,25.0,9.5,10,350000,Critical
ASSET-CRIT-0053,FLEET,Cooling,Critical,25.0,9.5,10,350000,Critical
ASSET-CRIT-0054,FLEET,Cooling,Critical,25.0,9.5,10,350000,Critical
ASSET-CRIT-0055,FLEET,Cooling,Critical,25.0,9.5,10,350000,Critical
ASSET-CRIT-0056,FLEET,Cooling,Critical,25.0,9.5,10,350000,Critical
ASSET-CRIT-0057,FLEET,Cooling,Critical,25.0,9.5,10,350000,Critical
ASSET-CRIT-0058,FLEET,Cooling,Critical,25.0,9.5,10,350000,Critical
ASSET-CRIT-0059,FLEET,Cooling,Critical,25.0,9.5,10,350000,Critical
ASSET-CRIT-0060,FLEET,Cooling,Critical,25.0,9.5,10,350000,Critical
ASSET-CRIT-0061,FLEET,Cooling,Critical,25.0,9.5,10,350000,Critical
ASSET-CRIT-0062,FLEET,Cooling,Critical,25.0,9.5,10,350000,Critical
ASSET-CRIT-0063,FLEET,Cooling,Critical,25.0,9.5,10,350000,Critical
ASSET-CRIT-0064,FLEET,Cooling,Critical,25.0,9.5,10,350000,Critical
ASSET-CRIT-0065,FLEET,Cooling,Critical,25.0,9.5,10,350000,Critical
ASSET-CRIT-0066,FLEET,Cooling,Critical,25.0,9.5,10,350000,Critical
ASSET-CRIT-0067,FLEET,Cooling,Critical,25.0,9.5,10,350000,Critical
ASSET-CRIT-0068,FLEET,Cooling,Critical,25.0,9.5,10,350000,Critical
ASSET-CRIT-0069,FLEET,Cooling,Critical,25.0,9.5,10,350000,Critical
ASSET-CRIT-0070,FLEET,Cooling,Critical,25.0,9.5,10,350000,Critical
ASSET-CRIT-0071,FLEET,Cooling,Critical,25.0,9.5,10,350000,Critical
ASSET-CRIT-0072,FLEET,Cooling,Critical,25.0,9.5,10,350000,Critical
ASSET-CRIT-0073,FLEET,Cooling,Critical,25.0,9.5,10,350000,Critical
ASSET-CRIT-0074,FLEET,Cooling,Critical,25.0,9.5,10,350000,Critical
ASSET-CRIT-0075,FLEET,Cooling,Critical,25.0,9.5,10,350000,Critical
ASSET-CRIT-0076,FLEET,Cooling,Critical,25.0,9.5,10,350000,Critical
ASSET-CRIT-0077,FLEET,Cooling,Critical,25.0,9.5,10,350000,Critical
ASSET-CRIT-0078,FLEET,Cooling,Critical,25.0,9.5,10,350000,Critical
ASSET-CRIT-0079,FLEET,Cooling,Critical,25.0,9.5,10,350000,Critical
ASSET-CRIT-0080,FLEET,Cooling,Critical,25.0,9.5,10,350000,Critical
ASSET-CRIT-0081,FLEET,Cooling,Critical,25.0,9.5,10,350000,Critical
ASSET-CRIT-0082,FLEET,Cooling,Critical,25.0,9.5,10,350000,Critical
ASSET-CRIT-0083,FLEET,Cooling,Critical,25.0,9.5,10,350000,Critical
ASSET-CRIT-0084,FLEET,Cooling,Critical,25.0,9.5,10,350000,Critical
ASSET-CRIT-0085,FLEET,Cooling,Critical,25.0,9.5,10,350000,Critical
ASSET-CRIT-0086,FLEET,Cooling,Critical,25.0,9.5,10,350000,Critical
ASSET-CRIT-0087,FLEET,Cooling,Critical,25.0,9.5,10,350000,Critical
ASSET-CRIT-0088,FLEET,Cooling,Critical,25.0,9.5,10,350000,Critical
ASSET-CRIT-0089,FLEET,Cooling,Critical,25.0,9.5,10,350000,Critical
ASSET-CRIT-0090,FLEET,Cooling,Critical,25.0,9.5,10,350000,Critical
ASSET-CRIT-0091,FLEET,Cooling,Critical,25.0,9.5,10,350000,Critical
ASSET-CRIT-0092,FLEET,Cooling,Critical,25.0,9.5,10,350000,Critical
ASSET-CRIT-0093,FLEET,Cooling,Critical,25.0,9.5,10,350000,Critical
ASSET-CRIT-0094,FLEET,Cooling,Critical,25.0,9.5,10,350000,Critical
ASSET-CRIT-0095,FLEET,Cooling,Critical,25.0,9.5,10,350000,Critical
ASSET-CRIT-0096,FLEET,Cooling,Critical,25.0,9.5,10,350000,Critical
ASSET-CRIT-0097,FLEET,Cooling,Critical,25.0,9.5,10,350000,Critical
ASSET-CRIT-0098,FLEET,Cooling,Critical,25.0,9.5,10,350000,Critical
ASSET-CRIT-0099,FLEET,Cooling,Critical,25.0,9.5,10,350000,Critical
ASSET-CRIT-0100,FLEET,Cooling,Critical,25.0,9.5,10,350000,Critical
ASSET-CRIT-0101,FLEET,Cooling,Critical,25.0,9.5,10,350000,Critical
ASSET-CRIT-0102,FLEET,Cooling,Critical,25.0,9.5,10,350000,Critical
ASSET-CRIT-0103,FLEET,Cooling,Critical,25.0,9.5,10,350000,Critical
ASSET-CRIT-0104,FLEET,Cooling,Critical,25.0,9.5,10,350000,Critical
ASSET-CRIT-0105,FLEET,Cooling,Critical,25.0,9.5,10,350000,Critical
ASSET-CRIT-0106,FLEET,Cooling,Critical,25.0,9.5,10,350000,Critical
ASSET-CRIT-0107,FLEET,Cooling,Critical,25.0,9.5,10,350000,Critical
ASSET-CRIT-0108,FLEET,Cooling,Critical,25.0,9.5,10,350000,Critical
ASSET-CRIT-0109,FLEET,Cooling,Critical,25.0,9.5,10,350000,Critical
ASSET-CRIT-0110,FLEET,Cooling,Critical,25.0,9.5,10,350000,Critical
ASSET-CRIT-0111,FLEET,Cooling,Critical,25.0,9.5,10,350000,Critical
ASSET-CRIT-0112,FLEET,Cooling,Critical,25.0,9.5,10,350000,Critical
ASSET-CRIT-0113,FLEET,Cooling,Critical,25.0,9.5,10,350000,Critical
ASSET-CRIT-0114,FLEET,Cooling,Critical,25.0,9.5,10,350000,Critical
ASSET-CRIT-0115,FLEET,Cooling,Critical,25.0,9.5,10,350000,Critical
ASSET-CRIT-0116,FLEET,Cooling,Critical,25.0,9.5,10,350000,Critical
ASSET-CRIT-0117,FLEET,Cooling,Critical,25.0,9.5,10,350000,Critical
ASSET-CRIT-0118,FLEET,Cooling,Critical,25.0,9.5,10,350000,Critical
ASSET-CRIT-0119,FLEET,Cooling,Critical,25.0,9.5,10,350000,Critical
ASSET-CRIT-0120,FLEET,Cooling,Critical,25.0,9.5,10,350000,Critical
ASSET-CRIT-0121,FLEET,Cooling,Critical,25.0,9.5,10,350000,Critical
ASSET-CRIT-0122,FLEET,Cooling,Critical,25.0,9.5,10,350000,Critical
ASSET-CRIT-0123,FLEET,Cooling,Critical,25.0,9.5,10,350000,Critical
ASSET-CRIT-0124,FLEET,Cooling,Critical,25.0,9.5,10,350000,Critical
ASSET-CRIT-0125,FLEET,Cooling,Critical,25.0,9.5,10,350000,Critical
ASSET-CRIT-0126,FLEET,Cooling,Critical,25.0,9.5,10,350000,Critical
ASSET-CRIT-0127,FLEET,Cooling,Critical,25.0,9.5,10,350000,Critical
ASSET-CRIT-0128,FLEET,Cooling,Critical,25.0,9.5,10,350000,Critical
ASSET-CRIT-0129,FLEET,Cooling,Critical,25.0,9.5,10,350000,Critical
ASSET-CRIT-0130,FLEET,Cooling,Critical,25.0,9.5,10,350000,Critical
ASSET-CRIT-0131,FLEET,Cooling,Critical,25.0,9.5,10,350000,Critical
ASSET-CRIT-0132,FLEET,Cooling,Critical,25.0,9.5,10,350000,Critical
ASSET-CRIT-0133,FLEET,Cooling,Critical,25.0,9.5,10,350000,Critical
ASSET-CRIT-0134,FLEET,Cooling,Critical,25.0,9.5,10,350000,Critical
ASSET-CRIT-0135,FLEET,Cooling,Critical,25.0,9.5,10,350000,Critical
ASSET-CRIT-0136,FLEET,Cooling,Critical,25.0,9.5,10,350000,Critical
ASSET-CRIT-0137,FLEET,Cooling,Critical,25.0,9.5,10,350000,Critical
ASSET-CRIT-0138,FLEET,Cooling,Critical,25.0,9.5,10,350000,Critical
ASSET-CRIT-0139,FLEET,Cooling,Critical,25.0,9.5,10,350000,Critical
ASSET-CRIT-0140,FLEET,Cooling,Critical,25.0,9.5,10,350000,Critical
ASSET-CRIT-0141,FLEET,Cooling,Critical,25.0,9.5,10,350000,Critical
ASSET-CRIT-0142,FLEET,Cooling,Critical,25.0,9.5,10,350000,Critical
ASSET-CRIT-0143,FLEET,Cooling,Critical,25.0,9.5,10,350000,Critical
ASSET-CRIT-0144,FLEET,Cooling,Critical,25.0,9.5,10,350000,Critical
ASSET-CRIT-0145,FLEET,Cooling,Critical,25.0,9.5,10,350000,Critical
ASSET-CRIT-0146,FLEET,Cooling,Critical,25.0,9.5,10,350000,Critical
ASSET-CRIT-0147,FLEET,Cooling,Critical,25.0,9.5,10,350000,Critical
ASSET-CRIT-0148,FLEET,Cooling,Critical,25.0,9.5,10,350000,Critical
ASSET-CRIT-0149,FLEET,Cooling,Critical,25.0,9.5,10,350000,Critical
ASSET-CRIT-0150,FLEET,Cooling,Critical,25.0,9.5,10,350000,Critical
ASSET-CRIT-0151,FLEET,Cooling,Critical,25.0,9.5,10,350000,Critical
ASSET-CRIT-0152,FLEET,Cooling,Critical,25.0,9.5,10,350000,Critical
ASSET-CRIT-0153,FLEET,Cooling,Critical,25.0,9.5,10,350000,Critical
ASSET-CRIT-0154,FLEET,Cooling,Critical,25.0,9.5,10,350000,Critical
ASSET-CRIT-0155,FLEET,Cooling,Critical,25.0,9.5,10,350000,Critical
ASSET-CRIT-0156,FLEET,Cooling,Critical,25.0,9.5,10,350000,Critical
ASSET-CRIT-0157,FLEET,Cooling,Critical,25.0,9.5,10,350000,Critical
ASSET-CRIT-0158,FLEET,Cooling,Critical,25.0,9.5,10,350000,Critical
ASSET-CRIT-0159,FLEET,Cooling,Critical,25.0,9.5,10,350000,Critical
ASSET-CRIT-0160,FLEET,Cooling,Critical,25.0,9.5,10,350000,Critical
ASSET-CRIT-0161,FLEET,Cooling,Critical,25.0,9.5,10,350000,Critical
ASSET-CRIT-0162,FLEET,Cooling,Critical,25.0,9.5,10,350000,Critical
ASSET-CRIT-0163,FLEET,Cooling,Critical,25.0,9.5,10,350000,Critical
ASSET-CRIT-0164,FLEET,Cooling,Critical,25.0,9.5,10,350000,Critical
ASSET-CRIT-0165,FLEET,Cooling,Critical,25.0,9.5,10,350000,Critical
ASSET-CRIT-0166,FLEET,Cooling,Critical,25.0,9.5,10,350000,Critical
ASSET-CRIT-0167,FLEET,Cooling,Critical,25.0,9.5,10,350000,Critical
ASSET-CRIT-0168,FLEET,Cooling,Critical,25.0,9.5,10,350000,Critical
ASSET-CRIT-0169,FLEET,Cooling,Critical,25.0,9.5,10,350000,Critical
ASSET-CRIT-0170,FLEET,Cooling,Critical,25.0,9.5,10,350000,Critical
ASSET-CRIT-0171,FLEET,Cooling,Critical,25.0,9.5,10,350000,Critical
ASSET-CRIT-0172,FLEET,Cooling,Critical,25.0,9.5,10,350000,Critical
ASSET-CRIT-0173,FLEET,Cooling,Critical,25.0,9.5,10,350000,Critical
ASSET-CRIT-0174,FLEET,Cooling,Critical,25.0,9.5,10,350000,Critical
ASSET-CRIT-0175,FLEET,Cooling,Critical,25.0,9.5,10,350000,Critical
ASSET-CRIT-0176,FLEET,Cooling,Critical,25.0,9.5,10,350000,Critical
ASSET-CRIT-0177,FLEET,Cooling,Critical,25.0,9.5,10,350000,Critical
ASSET-CRIT-0178,FLEET,Cooling,Critical,25.0,9.5,10,350000,Critical
ASSET-CRIT-0179,FLEET,Cooling,Critical,25.0,9.5,10,350000,Critical
ASSET-CRIT-0180,FLEET,Cooling,Critical,25.0,9.5,10,350000,Critical
ASSET-CRIT-0181,FLEET,Cooling,Critical,25.0,9.5,10,350000,Critical
ASSET-CRIT-0182,FLEET,Cooling,Critical,25.0,9.5,10,350000,Critical
ASSET-CRIT-0183,FLEET,Cooling,Critical,25.0,9.5,10,350000,Critical
ASSET-CRIT-0184,FLEET,Cooling,Critical,25.0,9.5,10,350000,Critical
ASSET-CRIT-0185,FLEET,Cooling,Critical,25.0,9.5,10,350000,Critical
ASSET-CRIT-0186,FLEET,Cooling,Critical,25.0,9.5,10,350000,Critical
ASSET-CRIT-0187,FLEET,Cooling,Critical,25.0,9.5,10,350000,Critical
ASSET-CRIT-0188,FLEET,Cooling,Critical,25.0,9.5,10,350000,Critical
ASSET-CRIT-0189,FLEET,Cooling,Critical,25.0,9.5,10,350000,Critical
ASSET-CRIT-0190,FLEET,Cooling,Critical,25.0,9.5,10,350000,Critical
ASSET-CRIT-0191,FLEET,Cooling,Critical,25.0,9.5,10,350000,Critical
ASSET-CRIT-0192,FLEET,Cooling,Critical,25.0,9.5,10,350000,Critical
ASSET-CRIT-0193,FLEET,Cooling,Critical,25.0,9.5,10,350000,Critical
ASSET-CRIT-0194,FLEET,Cooling,Critical,25.0,9.5,10,350000,Critical
ASSET-CRIT-0195,FLEET,Cooling,Critical,25.0,9.5,10,350000,Critical
ASSET-CRIT-0196,FLEET,Cooling,Critical,25.0,9.5,10,350000,Critical
ASSET-CRIT-0197,FLEET,Cooling,Critical,25.0,9.5,10,350000,Critical
ASSET-CRIT-0198,FLEET,Cooling,Critical,25.0,9.5,10,350000,Critical
ASSET-CRIT-0199,FLEET,Cooling,Critical,25.0,9.5,10,350000,Critical
ASSET-CRIT-0200,FLEET,Cooling,Critical,25.0,9.5,10,350000,Critical
ASSET-CRIT-0201,FLEET,Cooling,Critical,25.0,9.5,10,350000,Critical
ASSET-CRIT-0202,FLEET,Cooling,Critical,25.0,9.5,10,350000,Critical
ASSET-CRIT-0203,FLEET,Cooling,Critical,25.0,9.5,10,350000,Critical
ASSET-CRIT-0204,FLEET,Cooling,Critical,25.0,9.5,10,350000,Critical
ASSET-CRIT-0205,FLEET,Cooling,Critical,25.0,9.5,10,350000,Critical
ASSET-CRIT-0206,FLEET,Cooling,Critical,25.0,9.5,10,350000,Critical
ASSET-CRIT-0207,FLEET,Cooling,Critical,25.0,9.5,10,350000,Critical
ASSET-CRIT-0208,FLEET,Cooling,Critical,25.0,9.5,10,350000,Critical
ASSET-CRIT-0209,FLEET,Cooling,Critical,25.0,9.5,10,350000,Critical
ASSET-CRIT-0210,FLEET,Cooling,Critical,25.0,9.5,10,350000,Critical
ASSET-CRIT-0211,FLEET,Cooling,Critical,25.0,9.5,10,350000,Critical
ASSET-GOOD-0001,FLEET,Power,Good,72.0,4.2,15,280000,Medium
ASSET-GOOD-0002,FLEET,Power,Good,72.0,4.2,15,280000,Medium
ASSET-GOOD-0003,FLEET,Power,Good,72.0,4.2,15,280000,Medium
ASSET-GOOD-0004,FLEET,Power,Good,72.0,4.2,15,280000,Medium
ASSET-GOOD-0005,FLEET,Power,Good,72.0,4.2,15,280000,Medium
ASSET-GOOD-0006,FLEET,Power,Good,72.0,4.2,15,280000,Medium
ASSET-GOOD-0007,FLEET,Power,Good,72.0,4.2,15,280000,Medium
ASSET-GOOD-0008,FLEET,Power,Good,72.0,4.2,15,280000,Medium
ASSET-GOOD-0009,FLEET,Power,Good,72.0,4.2,15,280000,Medium
ASSET-GOOD-0010,FLEET,Power,Good,72.0,4.2,15,280000,Medium
ASSET-GOOD-0011,FLEET,Power,Good,72.0,4.2,15,280000,Medium
ASSET-GOOD-0012,FLEET,Power,Good,72.0,4.2,15,280000,Medium
ASSET-GOOD-0013,FLEET,Power,Good,72.0,4.2,15,280000,Medium
ASSET-GOOD-0014,FLEET,Power,Good,72.0,4.2,15,280000,Medium
ASSET-GOOD-0015,FLEET,Power,Good,72.0,4.2,15,280000,Medium
ASSET-GOOD-0016,FLEET,Power,Good,72.0,4.2,15,280000,Medium
ASSET-GOOD-0017,FLEET,Power,Good,72.0,4.2,15,280000,Medium
ASSET-GOOD-0018,FLEET,Power,Good,72.0,4.2,15,280000,Medium
ASSET-GOOD-0019,FLEET,Power,Good,72.0,4.2,15,280000,Medium
ASSET-GOOD-0020,FLEET,Power,Good,72.0,4.2,15,280000,Medium
ASSET-GOOD-0021,FLEET,Power,Good,72.0,4.2,15,280000,Medium
ASSET-GOOD-0022,FLEET,Power,Good,72.0,4.2,15,280000,Medium
ASSET-GOOD-0023,FLEET,Power,Good,72.0,4.2,15,280000,Medium
ASSET-GOOD-0024,FLEET,Power,Good,72.0,4.2,15,280000,Medium
ASSET-GOOD-0025,FLEET,Power,Good,72.0,4.2,15,280000,Medium
ASSET-GOOD-0026,FLEET,Power,Good,72.0,4.2,15,280000,Medium
ASSET-GOOD-0027,FLEET,Power,Good,72.0,4.2,15,280000,Medium
ASSET-GOOD-0028,FLEET,Power,Good,72.0,4.2,15,280000,Medium
ASSET-GOOD-0029,FLEET,Power,Good,72.0,4.2,15,280000,Medium
ASSET-GOOD-0030,FLEET,Power,Good,72.0,4.2,15,280000,Medium
ASSET-GOOD-0031,FLEET,Power,Good,72.0,4.2,15,280000,Medium
ASSET-GOOD-0032,FLEET,Power,Good,72.0,4.2,15,280000,Medium
ASSET-GOOD-0033,FLEET,Power,Good,72.0,4.2,15,280000,Medium
ASSET-GOOD-0034,FLEET,Power,Good,72.0,4.2,15,280000,Medium
ASSET-GOOD-0035,FLEET,Power,Good,72.0,4.2,15,280000,Medium
ASSET-GOOD-0036,FLEET,Power,Good,72.0,4.2,15,280000,Medium
ASSET-GOOD-0037,FLEET,Power,Good,72.0,4.2,15,280000,Medium
ASSET-GOOD-0038,FLEET,Power,Good,72.0,4.2,15,280000,Medium
ASSET-GOOD-0039,FLEET,Power,Good,72.0,4.2,15,280000,Medium
ASSET-GOOD-0040,FLEET,Power,Good,72.0,4.2,15,280000,Medium
ASSET-GOOD-0041,FLEET,Power,Good,72.0,4.2,15,280000,Medium
ASSET-GOOD-0042,FLEET,Power,Good,72.0,4.2,15,280000,Medium
ASSET-GOOD-0043,FLEET,Power,Good,72.0,4.2,15,280000,Medium
ASSET-GOOD-0044,FLEET,Power,Good,72.0,4.2,15,280000,Medium
ASSET-GOOD-0045,FLEET,Power,Good,72.0,4.2,15,280000,Medium
ASSET-GOOD-0046,FLEET,Power,Good,72.0,4.2,15,280000,Medium
ASSET-GOOD-0047,FLEET,Power,Good,72.0,4.2,15,280000,Medium
ASSET-GOOD-0048,FLEET,Power,Good,72.0,4.2,15,280000,Medium
ASSET-GOOD-0049,FLEET,Power,Good,72.0,4.2,15,280000,Medium
ASSET-GOOD-0050,FLEET,Power,Good,72.0,4.2,15,280000,Medium
ASSET-GOOD-0051,FLEET,Power,Good,72.0,4.2,15,280000,Medium
ASSET-GOOD-0052,FLEET,Power,Good,72.0,4.2,15,280000,Medium
ASSET-GOOD-0053,FLEET,Power,Good,72.0,4.2,15,280000,Medium
ASSET-GOOD-0054,FLEET,Power,Good,72.0,4.2,15,280000,Medium
ASSET-GOOD-0055,FLEET,Power,Good,72.0,4.2,15,280000,Medium
ASSET-GOOD-0056,FLEET,Power,Good,72.0,4.2,15,280000,Medium
ASSET-GOOD-0057,FLEET,Power,Good,72.0,4.2,15,280000,Medium
ASSET-GOOD-0058,FLEET,Power,Good,72.0,4.2,15,280000,Medium
ASSET-GOOD-0059,FLEET,Power,Good,72.0,4.2,15,280000,Medium
ASSET-GOOD-0060,FLEET,Power,Good,72.0,4.2,15,280000,Medium
ASSET-GOOD-0061,FLEET,Power,Good,72.0,4.2,15,280000,Medium
ASSET-GOOD-0062,FLEET,Power,Good,72.0,4.2,15,280000,Medium
ASSET-GOOD-0063,FLEET,Power,Good,72.0,4.2,15,280000,Medium
ASSET-GOOD-0064,FLEET,Power,Good,72.0,4.2,15,280000,Medium
ASSET-GOOD-0065,FLEET,Power,Good,72.0,4.2,15,280000,Medium
ASSET-GOOD-0066,FLEET,Power,Good,72.0,4.2,15,280000,Medium
ASSET-GOOD-0067,FLEET,Power,Good,72.0,4.2,15,280000,Medium
ASSET-GOOD-0068,FLEET,Power,Good,72.0,4.2,15,280000,Medium
ASSET-GOOD-0069,FLEET,Power,Good,72.0,4.2,15,280000,Medium
ASSET-GOOD-0070,FLEET,Power,Good,72.0,4.2,15,280000,Medium
ASSET-GOOD-0071,FLEET,Power,Good,72.0,4.2,15,280000,Medium
ASSET-GOOD-0072,FLEET,Power,Good,72.0,4.2,15,280000,Medium
ASSET-GOOD-0073,FLEET,Power,Good,72.0,4.2,15,280000,Medium
ASSET-GOOD-0074,FLEET,Power,Good,72.0,4.2,15,280000,Medium
ASSET-GOOD-0075,FLEET,Power,Good,72.0,4.2,15,280000,Medium
ASSET-GOOD-0076,FLEET,Power,Good,72.0,4.2,15,280000,Medium
ASSET-GOOD-0077,FLEET,Power,Good,72.0,4.2,15,280000,Medium
ASSET-GOOD-0078,FLEET,Power,Good,72.0,4.2,15,280000,Medium
ASSET-GOOD-0079,FLEET,Power,Good,72.0,4.2,15,280000,Medium
ASSET-GOOD-0080,FLEET,Power,Good,72.0,4.2,15,280000,Medium
ASSET-GOOD-0081,FLEET,Power,Good,72.0,4.2,15,280000,Medium
ASSET-GOOD-0082,FLEET,Power,Good,72.0,4.2,15,280000,Medium
ASSET-GOOD-0083,FLEET,Power,Good,72.0,4.2,15,280000,Medium
ASSET-GOOD-0084,FLEET,Power,Good,72.0,4.2,15,280000,Medium
ASSET-GOOD-0085,FLEET,Power,Good,72.0,4.2,15,280000,Medium
ASSET-GOOD-0086,FLEET,Power,Good,72.0,4.2,15,280000,Medium
ASSET-GOOD-0087,FLEET,Power,Good,72.0,4.2,15,280000,Medium
ASSET-GOOD-0088,FLEET,Power,Good,72.0,4.2,15,280000,Medium
ASSET-GOOD-0089,FLEET,Power,Good,72.0,4.2,15,280000,Medium
ASSET-GOOD-0090,FLEET,Power,Good,72.0,4.2,15,280000,Medium
ASSET-GOOD-0091,FLEET,Power,Good,72.0,4.2,15,280000,Medium
ASSET-GOOD-0092,FLEET,Power,Good,72.0,4.2,15,280000,Medium
ASSET-GOOD-0093,FLEET,Power,Good,72.0,4.2,15,280000,Medium
ASSET-GOOD-0094,FLEET,Power,Good,72.0,4.2,15,280000,Medium
ASSET-GOOD-0095,FLEET,Power,Good,72.0,4.2,15,280000,Medium
ASSET-GOOD-0096,FLEET,Power,Good,72.0,4.2,15,280000,Medium
ASSET-GOOD-0097,FLEET,Power,Good,72.0,4.2,15,280000,Medium
ASSET-GOOD-0098,FLEET,Power,Good,72.0,4.2,15,280000,Medium
ASSET-GOOD-0099,FLEET,Power,Good,72.0,4.2,15,280000,Medium
ASSET-GOOD-0100,FLEET,Power,Good,72.0,4.2,15,280000,Medium
ASSET-GOOD-0101,FLEET,Power,Good,72.0,4.2,15,280000,Medium
ASSET-GOOD-0102,FLEET,Power,Good,72.0,4.2,15,280000,Medium
ASSET-GOOD-0103,FLEET,Power,Good,72.0,4.2,15,280000,Medium
ASSET-GOOD-0104,FLEET,Power,Good,72.0,4.2,15,280000,Medium
ASSET-GOOD-0105,FLEET,Power,Good,72.0,4.2,15,280000,Medium
ASSET-GOOD-0106,FLEET,Power,Good,72.0,4.2,15,280000,Medium
ASSET-GOOD-0107,FLEET,Power,Good,72.0,4.2,15,280000,Medium
ASSET-GOOD-0108,FLEET,Power,Good,72.0,4.2,15,280000,Medium
ASSET-GOOD-0109,FLEET,Power,Good,72.0,4.2,15,280000,Medium
ASSET-GOOD-0110,FLEET,Power,Good,72.0,4.2,15,280000,Medium
ASSET-GOOD-0111,FLEET,Power,Good,72.0,4.2,15,280000,Medium
ASSET-GOOD-0112,FLEET,Power,Good,72.0,4.2,15,280000,Medium
ASSET-GOOD-0113,FLEET,Power,Good,72.0,4.2,15,280000,Medium
ASSET-GOOD-0114,FLEET,Power,Good,72.0,4.2,15,280000,Medium
ASSET-GOOD-0115,FLEET,Power,Good,72.0,4.2,15,280000,Medium
ASSET-GOOD-0116,FLEET,Power,Good,72.0,4.2,15,280000,Medium
ASSET-GOOD-0117,FLEET,Power,Good,72.0,4.2,15,280000,Medium
ASSET-GOOD-0118,FLEET,Power,Good,72.0,4.2,15,280000,Medium
ASSET-GOOD-0119,FLEET,Power,Good,72.0,4.2,15,280000,Medium
ASSET-GOOD-0120,FLEET,Power,Good,72.0,4.2,15,280000,Medium
ASSET-GOOD-0121,FLEET,Power,Good,72.0,4.2,15,280000,Medium
ASSET-GOOD-0122,FLEET,Power,Good,72.0,4.2,15,280000,Medium
ASSET-GOOD-0123,FLEET,Power,Good,72.0,4.2,15,280000,Medium
ASSET-GOOD-0124,FLEET,Power,Good,72.0,4.2,15,280000,Medium
ASSET-GOOD-0125,FLEET,Power,Good,72.0,4.2,15,280000,Medium
ASSET-GOOD-0126,FLEET,Power,Good,72.0,4.2,15,280000,Medium
ASSET-GOOD-0127,FLEET,Power,Good,72.0,4.2,15,280000,Medium
ASSET-GOOD-0128,FLEET,Power,Good,72.0,4.2,15,280000,Medium
ASSET-GOOD-0129,FLEET,Power,Good,72.0,4.2,15,280000,Medium
ASSET-GOOD-0130,FLEET,Power,Good,72.0,4.2,15,280000,Medium
ASSET-GOOD-0131,FLEET,Power,Good,72.0,4.2,15,280000,Medium
ASSET-GOOD-0132,FLEET,Power,Good,72.0,4.2,15,280000,Medium
ASSET-GOOD-0133,FLEET,Power,Good,72.0,4.2,15,280000,Medium
ASSET-GOOD-0134,FLEET,Power,Good,72.0,4.2,15,280000,Medium
ASSET-GOOD-0135,FLEET,Power,Good,72.0,4.2,15,280000,Medium
ASSET-GOOD-0136,FLEET,Power,Good,72.0,4.2,15,280000,Medium
ASSET-GOOD-0137,FLEET,Power,Good,72.0,4.2,15,280000,Medium
ASSET-GOOD-0138,FLEET,Power,Good,72.0,4.2,15,280000,Medium
ASSET-GOOD-0139,FLEET,Power,Good,72.0,4.2,15,280000,Medium
ASSET-GOOD-0140,FLEET,Power,Good,72.0,4.2,15,280000,Medium
ASSET-GOOD-0141,FLEET,Power,Good,72.0,4.2,15,280000,Medium
ASSET-GOOD-0142,FLEET,Power,Good,72.0,4.2,15,280000,Medium
ASSET-GOOD-0143,FLEET,Power,Good,72.0,4.2,15,280000,Medium
ASSET-GOOD-0144,FLEET,Power,Good,72.0,4.2,15,280000,Medium
ASSET-GOOD-0145,FLEET,Power,Good,72.0,4.2,15,280000,Medium
ASSET-GOOD-0146,FLEET,Power,Good,72.0,4.2,15,280000,Medium
ASSET-GOOD-0147,FLEET,Power,Good,72.0,4.2,15,280000,Medium
ASSET-GOOD-0148,FLEET,Power,Good,72.0,4.2,15,280000,Medium
ASSET-GOOD-0149,FLEET,Power,Good,72.0,4.2,15,280000,Medium
ASSET-GOOD-0150,FLEET,Power,Good,72.0,4.2,15,280000,Medium
ASSET-GOOD-0151,FLEET,Power,Good,72.0,4.2,15,280000,Medium
ASSET-GOOD-0152,FLEET,Power,Good,72.0,4.2,15,280000,Medium
ASSET-GOOD-0153,FLEET,Power,Good,72.0,4.2,15,280000,Medium
ASSET-GOOD-0154,FLEET,Power,Good,72.0,4.2,15,280000,Medium
ASSET-GOOD-0155,FLEET,Power,Good,72.0,4.2,15,280000,Medium
ASSET-GOOD-0156,FLEET,Power,Good,72.0,4.2,15,280000,Medium
ASSET-GOOD-0157,FLEET,Power,Good,72.0,4.2,15,280000,Medium
ASSET-GOOD-0158,FLEET,Power,Good,72.0,4.2,15,280000,Medium
ASSET-GOOD-0159,FLEET,Power,Good,72.0,4.2,15,280000,Medium
ASSET-GOOD-0160,FLEET,Power,Good,72.0,4.2,15,280000,Medium
ASSET-GOOD-0161,FLEET,Power,Good,72.0,4.2,15,280000,Medium
ASSET-GOOD-0162,FLEET,Power,Good,72.0,4.2,15,280000,Medium
ASSET-GOOD-0163,FLEET,Power,Good,72.0,4.2,15,280000,Medium
ASSET-GOOD-0164,FLEET,Power,Good,72.0,4.2,15,280000,Medium
ASSET-GOOD-0165,FLEET,Power,Good,72.0,4.2,15,280000,Medium
ASSET-GOOD-0166,FLEET,Power,Good,72.0,4.2,15,280000,Medium
ASSET-GOOD-0167,FLEET,Power,Good,72.0,4.2,15,280000,Medium
ASSET-GOOD-0168,FLEET,Power,Good,72.0,4.2,15,280000,Medium
ASSET-GOOD-0169,FLEET,Power,Good,72.0,4.2,15,280000,Medium
ASSET-GOOD-0170,FLEET,Power,Good,72.0,4.2,15,280000,Medium
ASSET-GOOD-0171,FLEET,Power,Good,72.0,4.2,15,280000,Medium
ASSET-GOOD-0172,FLEET,Power,Good,72.0,4.2,15,280000,Medium
ASSET-GOOD-0173,FLEET,Power,Good,72.0,4.2,15,280000,Medium
ASSET-GOOD-0174,FLEET,Power,Good,72.0,4.2,15,280000,Medium
ASSET-GOOD-0175,FLEET,Power,Good,72.0,4.2,15,280000,Medium
ASSET-GOOD-0176,FLEET,Power,Good,72.0,4.2,15,280000,Medium
ASSET-GOOD-0177,FLEET,Power,Good,72.0,4.2,15,280000,Medium
ASSET-GOOD-0178,FLEET,Power,Good,72.0,4.2,15,280000,Medium
ASSET-GOOD-0179,FLEET,Power,Good,72.0,4.2,15,280000,Medium
ASSET-GOOD-0180,FLEET,Power,Good,72.0,4.2,15,280000,Medium
ASSET-GOOD-0181,FLEET,Power,Good,72.0,4.2,15,280000,Medium
ASSET-GOOD-0182,FLEET,Power,Good,72.0,4.2,15,280000,Medium
ASSET-GOOD-0183,FLEET,Power,Good,72.0,4.2,15,280000,Medium
ASSET-GOOD-0184,FLEET,Power,Good,72.0,4.2,15,280000,Medium
ASSET-GOOD-0185,FLEET,Power,Good,72.0,4.2,15,280000,Medium
ASSET-GOOD-0186,FLEET,Power,Good,72.0,4.2,15,280000,Medium
ASSET-GOOD-0187,FLEET,Power,Good,72.0,4.2,15,280000,Medium
ASSET-GOOD-0188,FLEET,Power,Good,72.0,4.2,15,280000,Medium
ASSET-GOOD-0189,FLEET,Power,Good,72.0,4.2,15,280000,Medium
ASSET-GOOD-0190,FLEET,Power,Good,72.0,4.2,15,280000,Medium
ASSET-GOOD-0191,FLEET,Power,Good,72.0,4.2,15,280000,Medium
ASSET-GOOD-0192,FLEET,Power,Good,72.0,4.2,15,280000,Medium
ASSET-GOOD-0193,FLEET,Power,Good,72.0,4.2,15,280000,Medium
ASSET-GOOD-0194,FLEET,Power,Good,72.0,4.2,15,280000,Medium
ASSET-GOOD-0195,FLEET,Power,Good,72.0,4.2,15,280000,Medium
ASSET-GOOD-0196,FLEET,Power,Good,72.0,4.2,15,280000,Medium
ASSET-GOOD-0197,FLEET,Power,Good,72.0,4.2,15,280000,Medium
ASSET-GOOD-0198,FLEET,Power,Good,72.0,4.2,15,280000,Medium
ASSET-GOOD-0199,FLEET,Power,Good,72.0,4.2,15,280000,Medium
ASSET-GOOD-0200,FLEET,Power,Good,72.0,4.2,15,280000,Medium
ASSET-GOOD-0201,FLEET,Power,Good,72.0,4.2,15,280000,Medium
ASSET-GOOD-0202,FLEET,Power,Good,72.0,4.2,15,280000,Medium
ASSET-GOOD-0203,FLEET,Power,Good,72.0,4.2,15,280000,Medium
ASSET-GOOD-0204,FLEET,Power,Good,72.0,4.2,15,280000,Medium
ASSET-GOOD-0205,FLEET,Power,Good,72.0,4.2,15,280000,Medium
ASSET-GOOD-0206,FLEET,Power,Good,72.0,4.2,15,280000,Medium
ASSET-GOOD-0207,FLEET,Power,Good,72.0,4.2,15,280000,Medium
ASSET-GOOD-0208,FLEET,Power,Good,72.0,4.2,15,280000,Medium
ASSET-GOOD-0209,FLEET,Power,Good,72.0,4.2,15,280000,Medium
ASSET-GOOD-0210,FLEET,Power,Good,72.0,4.2,15,280000,Medium
ASSET-GOOD-0211,FLEET,Power,Good,72.0,4.2,15,280000,Medium
ASSET-GOOD-0212,FLEET,Power,Good,72.0,4.2,15,280000,Medium
ASSET-GOOD-0213,FLEET,Power,Good,72.0,4.2,15,280000,Medium
ASSET-GOOD-0214,FLEET,Power,Good,72.0,4.2,15,280000,Medium
ASSET-GOOD-0215,FLEET,Power,Good,72.0,4.2,15,280000,Medium
ASSET-GOOD-0216,FLEET,Power,Good,72.0,4.2,15,280000,Medium
ASSET-GOOD-0217,FLEET,Power,Good,72.0,4.2,15,280000,Medium
ASSET-GOOD-0218,FLEET,Power,Good,72.0,4.2,15,280000,Medium
ASSET-GOOD-0219,FLEET,Power,Good,72.0,4.2,15,280000,Medium
ASSET-GOOD-0220,FLEET,Power,Good,72.0,4.2,15,280000,Medium
ASSET-GOOD-0221,FLEET,Power,Good,72.0,4.2,15,280000,Medium
ASSET-GOOD-0222,FLEET,Power,Good,72.0,4.2,15,280000,Medium
ASSET-GOOD-0223,FLEET,Power,Good,72.0,4.2,15,280000,Medium
ASSET-GOOD-0224,FLEET,Power,Good,72.0,4.2,15,280000,Medium
ASSET-GOOD-0225,FLEET,Power,Good,72.0,4.2,15,280000,Medium
ASSET-GOOD-0226,FLEET,Power,Good,72.0,4.2,15,280000,Medium
ASSET-GOOD-0227,FLEET,Power,Good,72.0,4.2,15,280000,Medium
ASSET-GOOD-0228,FLEET,Power,Good,72.0,4.2,15,280000,Medium
ASSET-GOOD-0229,FLEET,Power,Good,72.0,4.2,15,280000,Medium
ASSET-GOOD-0230,FLEET,Power,Good,72.0,4.2,15,280000,Medium
ASSET-GOOD-0231,FLEET,Power,Good,72.0,4.2,15,280000,Medium
ASSET-GOOD-0232,FLEET,Power,Good,72.0,4.2,15,280000,Medium
ASSET-GOOD-0233,FLEET,Power,Good,72.0,4.2,15,280000,Medium
ASSET-GOOD-0234,FLEET,Power,Good,72.0,4.2,15,280000,Medium
ASSET-GOOD-0235,FLEET,Power,Good,72.0,4.2,15,280000,Medium
ASSET-GOOD-0236,FLEET,Power,Good,72.0,4.2,15,280000,Medium
ASSET-GOOD-0237,FLEET,Power,Good,72.0,4.2,15,280000,Medium
ASSET-GOOD-0238,FLEET,Power,Good,72.0,4.2,15,280000,Medium
ASSET-GOOD-0239,FLEET,Power,Good,72.0,4.2,15,280000,Medium
ASSET-GOOD-0240,FLEET,Power,Good,72.0,4.2,15,280000,Medium
ASSET-GOOD-0241,FLEET,Power,Good,72.0,4.2,15,280000,Medium
ASSET-GOOD-0242,FLEET,Power,Good,72.0,4.2,15,280000,Medium
ASSET-GOOD-0243,FLEET,Power,Good,72.0,4.2,15,280000,Medium
ASSET-GOOD-0244,FLEET,Power,Good,72.0,4.2,15,280000,Medium
ASSET-GOOD-0245,FLEET,Power,Good,72.0,4.2,15,280000,Medium
ASSET-GOOD-0246,FLEET,Power,Good,72.0,4.2,15,280000,Medium
ASSET-GOOD-0247,FLEET,Power,Good,72.0,4.2,15,280000,Medium
ASSET-GOOD-0248,FLEET,Power,Good,72.0,4.2,15,280000,Medium
ASSET-GOOD-0249,FLEET,Power,Good,72.0,4.2,15,280000,Medium
ASSET-GOOD-0250,FLEET,Power,Good,72.0,4.2,15,280000,Medium
ASSET-GOOD-0251,FLEET,Power,Good,72.0,4.2,15,280000,Medium
ASSET-GOOD-0252,FLEET,Power,Good,72.0,4.2,15,280000,Medium
ASSET-GOOD-0253,FLEET,Power,Good,72.0,4.2,15,280000,Medium
ASSET-GOOD-0254,FLEET,Power,Good,72.0,4.2,15,280000,Medium
ASSET-GOOD-0255,FLEET,Power,Good,72.0,4.2,15,280000,Medium
ASSET-GOOD-0256,FLEET,Power,Good,72.0,4.2,15,280000,Medium
ASSET-GOOD-0257,FLEET,Power,Good,72.0,4.2,15,280000,Medium
ASSET-GOOD-0258,FLEET,Power,Good,72.0,4.2,15,280000,Medium
ASSET-GOOD-0259,FLEET,Power,Good,72.0,4.2,15,280000,Medium
ASSET-GOOD-0260,FLEET,Power,Good,72.0,4.2,15,280000,Medium
ASSET-GOOD-0261,FLEET,Power,Good,72.0,4.2,15,280000,Medium
ASSET-GOOD-0262,FLEET,Power,Good,72.0,4.2,15,280000,Medium
ASSET-GOOD-0263,FLEET,Power,Good,72.0,4.2,15,280000,Medium
ASSET-GOOD-0264,FLEET,Power,Good,72.0,4.2,15,280000,Medium
ASSET-GOOD-0265,FLEET,Power,Good,72.0,4.2,15,280000,Medium
ASSET-GOOD-0266,FLEET,Power,Good,72.0,4.2,15,280000,Medium
ASSET-GOOD-0267,FLEET,Power,Good,72.0,4.2,15,280000,Medium
ASSET-GOOD-0268,FLEET,Power,Good,72.0,4.2,15,280000,Medium
ASSET-GOOD-0269,FLEET,Power,Good,72.0,4.2,15,280000,Medium
ASSET-GOOD-0270,FLEET,Power,Good,72.0,4.2,15,280000,Medium
ASSET-GOOD-0271,FLEET,Power,Good,72.0,4.2,15,280000,Medium
ASSET-GOOD-0272,FLEET,Power,Good,72.0,4.2,15,280000,Medium
ASSET-GOOD-0273,FLEET,Power,Good,72.0,4.2,15,280000,Medium
ASSET-GOOD-0274,FLEET,Power,Good,72.0,4.2,15,280000,Medium
ASSET-GOOD-0275,FLEET,Power,Good,72.0,4.2,15,280000,Medium
ASSET-GOOD-0276,FLEET,Power,Good,72.0,4.2,15,280000,Medium
ASSET-GOOD-0277,FLEET,Power,Good,72.0,4.2,15,280000,Medium
ASSET-GOOD-0278,FLEET,Power,Good,72.0,4.2,15,280000,Medium
ASSET-GOOD-0279,FLEET,Power,Good,72.0,4.2,15,280000,Medium
ASSET-GOOD-0280,FLEET,Power,Good,72.0,4.2,15,280000,Medium
ASSET-GOOD-0281,FLEET,Power,Good,72.0,4.2,15,280000,Medium
ASSET-GOOD-0282,FLEET,Power,Good,72.0,4.2,15,280000,Medium
ASSET-GOOD-0283,FLEET,Power,Good,72.0,4.2,15,280000,Medium
ASSET-GOOD-0284,FLEET,Power,Good,72.0,4.2,15,280000,Medium
ASSET-GOOD-0285,FLEET,Power,Good,72.0,4.2,15,280000,Medium
ASSET-GOOD-0286,FLEET,Power,Good,72.0,4.2,15,280000,Medium
ASSET-GOOD-0287,FLEET,Power,Good,72.0,4.2,15,280000,Medium
ASSET-GOOD-0288,FLEET,Power,Good,72.0,4.2,15,280000,Medium
ASSET-GOOD-0289,FLEET,Power,Good,72.0,4.2,15,280000,Medium
ASSET-GOOD-0290,FLEET,Power,Good,72.0,4.2,15,280000,Medium
ASSET-GOOD-0291,FLEET,Power,Good,72.0,4.2,15,280000,Medium
ASSET-GOOD-0292,FLEET,Power,Good,72.0,4.2,15,280000,Medium
ASSET-GOOD-0293,FLEET,Power,Good,72.0,4.2,15,280000,Medium
ASSET-GOOD-0294,FLEET,Power,Good,72.0,4.2,15,280000,Medium
ASSET-GOOD-0295,FLEET,Power,Good,72.0,4.2,15,280000,Medium
ASSET-GOOD-0296,FLEET,Power,Good,72.0,4.2,15,280000,Medium
ASSET-GOOD-0297,FLEET,Power,Good,72.0,4.2,15,280000,Medium
ASSET-GOOD-0298,FLEET,Power,Good,72.0,4.2,15,280000,Medium
ASSET-GOOD-0299,FLEET,Power,Good,72.0,4.2,15,280000,Medium
ASSET-GOOD-0300,FLEET,Power,Good,72.0,4.2,15,280000,Medium
ASSET-GOOD-0301,FLEET,Power,Good,72.0,4.2,15,280000,Medium
ASSET-GOOD-0302,FLEET,Power,Good,72.0,4.2,15,280000,Medium
ASSET-GOOD-0303,FLEET,Power,Good,72.0,4.2,15,280000,Medium
ASSET-GOOD-0304,FLEET,Power,Good,72.0,4.2,15,280000,Medium
ASSET-GOOD-0305,FLEET,Power,Good,72.0,4.2,15,280000,Medium
ASSET-GOOD-0306,FLEET,Power,Good,72.0,4.2,15,280000,Medium
ASSET-GOOD-0307,FLEET,Power,Good,72.0,4.2,15,280000,Medium
ASSET-GOOD-0308,FLEET,Power,Good,72.0,4.2,15,280000,Medium
ASSET-GOOD-0309,FLEET,Power,Good,72.0,4.2,15,280000,Medium
ASSET-GOOD-0310,FLEET,Power,Good,72.0,4.2,15,280000,Medium
ASSET-GOOD-0311,FLEET,Power,Good,72.0,4.2,15,280000,Medium
ASSET-GOOD-0312,FLEET,Power,Good,72.0,4.2,15,280000,Medium
ASSET-GOOD-0313,FLEET,Power,Good,72.0,4.2,15,280000,Medium
ASSET-GOOD-0314,FLEET,Power,Good,72.0,4.2,15,280000,Medium
ASSET-GOOD-0315,FLEET,Power,Good,72.0,4.2,15,280000,Medium
ASSET-GOOD-0316,FLEET,Power,Good,72.0,4.2,15,280000,Medium
ASSET-GOOD-0317,FLEET,Power,Good,72.0,4.2,15,280000,Medium
ASSET-GOOD-0318,FLEET,Power,Good,72.0,4.2,15,280000,Medium
ASSET-GOOD-0319,FLEET,Power,Good,72.0,4.2,15,280000,Medium
ASSET-GOOD-0320,FLEET,Power,Good,72.0,4.2,15,280000,Medium
ASSET-GOOD-0321,FLEET,Power,Good,72.0,4.2,15,280000,Medium
ASSET-GOOD-0322,FLEET,Power,Good,72.0,4.2,15,280000,Medium
ASSET-GOOD-0323,FLEET,Power,Good,72.0,4.2,15,280000,Medium
ASSET-GOOD-0324,FLEET,Power,Good,72.0,4.2,15,280000,Medium
ASSET-GOOD-0325,FLEET,Power,Good,72.0,4.2,15,280000,Medium
ASSET-GOOD-0326,FLEET,Power,Good,72.0,4.2,15,280000,Medium
ASSET-GOOD-0327,FLEET,Power,Good,72.0,4.2,15,280000,Medium
ASSET-GOOD-0328,FLEET,Power,Good,72.0,4.2,15,280000,Medium
ASSET-GOOD-0329,FLEET,Power,Good,72.0,4.2,15,280000,Medium
